{"cameraMode":{"drawMode":0,"name":"Shaded","section":"Shading Mode"},"sceneLighting":false,"audioPlay":false,"sceneViewState":{"m_AlwaysRefresh":false,"showFog":true,"showSkybox":false,"showFlares":true,"showImageEffects":true,"showParticleSystems":true,"showVisualEffectGraphs":true,"m_FxEnabled":true},"in2DMode":false,"pivot":{"x":0.30187666416168215,"y":0.002900034189224243,"z":-0.003897249698638916},"rotation":{"x":-0.1449912041425705,"y":0.8045973181724548,"z":-0.21905435621738435,"w":-0.5325675010681152},"size":0.3732638359069824,"orthographic":false}